Ulasan,Tipe Barang,Sentimen
maaf kak kasih bintang 1 produk karena kata 3 in 1 nyata bisa hangat bisa masak sementara,miyako Rice cooker 3 in 1 model mcm 609,negatif
barang datang rusak untung 1 kota jadi lsg tukar toko,Miyako MCM 528 Silver Magic Com Rice Cooker [ 1.8 Liter],negatif
layan kurang bagus,Cosmos Blender CB 282G,negatif
pisau kurang tajam bumbu kelas bawang merah mesti cincan lebih baru blender pakai cosmon,Cosmos Blender CB 282G,negatif
layan jual mantap muas barang ribet baut baut guna baja putih ringkih baut kipas tida buka lihat gambar t,Cosmos Stand Fan 16 inch - 16XDC,positif
material produk bagus produk original produk fungsi baik box hitam udah pecah bagi sudut pas,PROGAS kompor portable 2 in 1 Termurah,positif
nyata kipas angin nya pendektapi lumayan lah bantu hilang panas ruang,Cosmos Stand Fan 16 inch - 16XDC,positif
fungsi baik,Cosmos Stand Fan 16 inch - 16XDC,positif
baut bagi kaki 4pcs pasang terlalu keras susah ngelepasnya harus dikendorin aja kl perlu usah pasang,Cosmos Stand Fan 16 inch - 16XDC,positif
jaring kipas bengkok masuk dalam,MIYAKO KIPAS ANGIN WALL FAN REMOTE KAW-1689 RC,positif
barang di cek fisik aman tinggal fungsi belum coba mudah2an aman jual responsif proses kirim cepat terima kasih,Mito Oven MO 999 TOP 28L,positif
buka coba ulang review kalau di buka cobain,Mito MO-888 Electric Oven 33 Liter Fantasy,positif
barang bagus fungsi sesuai fungsi mesti kalau pakai kisar 2 jam non stop putar telinga sakit karena bobot air purifier,LG PURICARE MASKER AP300AWFA,positif
"kencang suara berisik,""SEKAI Wall Exhaust Fan 12"""" WEF 1290"",positif"
kado temen moga awet terimakasih tokped terimakasih jual,MITOCHIBA FOOD CHOPPER 1.5 L CH-100,positif
barang kualitas kuantitas berelektabilitas moga berganrasi waktu rusak sekian di terima,Cosmos Stand Fan 16 inch - 16XDC,positif
terimakasih paketx kami terima,Cosmos wall fan 16 WFC /kipas angin listrik dinding tembok,positif
layan cepat kirim tes dulu foto gojek antar cepat jadi masalah cuma 1 burner kuningan beda kiri kanan yang,Kompor Rinnai RI-522E,positif
layan baik pesan siang malam ada rumah moga selalu muas terimakasih,MIYAKO KOMPOR GAS 1 TUNGKU KG-101 C,positif
barang nya bagus,RINNAI Kompor Gas 1 Tungku RI-301S,positif
respon cpt langsumg deh kirim packing rapi barang deh cek dokumentasi makasih senang belanja toko,MIYAKO Blender Plastik 1.5Liter BL-151 PF/AP,positif
respon jual cepat barang sesuai pesan sudah tes sblm pngiriman jadi lebih aman desain elegan,MITOCHIBA MESIN CUCI PORTABLE WM-1,positif
respon sangat baik,KIRIN OVEN LISTRIK KBO-190 LW ( Low Watt ),positif
pngiriman super cepatbarang mantap,RINNAI Kompor Gas 2 Tungku RI-522S,positif
barang sesuai jual ramah kirim cepat,MITOCHIBA MAGIC CHOPPER 2 LITER CH-200,positif
trimkash sangat muas,KIRIN Setrika Listrik KEI-340S,positif
jual ramah barang tes dulu kirim produk original makasih,MITOCHIBA MAGIC CHOPPER 2 LITER CH-200,positif
barang bagus cepat,XIAOMI Mi TV 4 43â LED Android Smart TV(KHUSUS MAKASSAR),positif
barang kondisi bagus layan ramah cepat proses highly recommended terima kasih,SAMSUNG LED TV 32 Inch - UA32N4003 (KHUSUS MAKASSAR),positif
respon jual cepat kirim cepat barang fungsi baik terimakasih,OXONE Master Oven 30Liter OX-8830,positif
barang blum buka smoga baguss aman,PROGAS kompor portable 2 in 1 Termurah,positif
layan ramah cepat proses,XIAOMI MI TV 4 32 Smart Android TV,positif
beli 2 barang bagus pesan pukul 4 sore masih kirim hari juga terima kasih alaska skrg belanja alaska jauh lebih mudah perlu ngantri l,MIYAKO KIPAS ANGIN WALL FAN REMOTE KAW-1689 RC,positif
kualitas produk sangat baik respon jual sangat ramah cepat kirim barang sangat cepat recommended yang belanja wilayah makassar pulau sul,RINNAI KOMPOR GAS 1 TUNGKU RI 511C,positif
"paket terima belum coba moga aman lancar jaya ada masalah dgan tv,""SAMSUNG LED Smart TV 32"""" UA32-T4500"",positif"
barang dengan selamat moga awet kedepanx real pict yah,Miyako Hand Mixer HM 620,positif
"produk kualitas bagus layan super cepat mantap,""SEKAI Wall Exhaust Fan 12"""" WEF 1290"",positif"
kirim cepat barang fungsi baik minmin nya ramah terima kasih,KIRIN OVEN LISTRIK KBO-190 LW ( Low Watt ),positif
hasil licin mutu jamin sni berat ringan barang original,MIYAKO Setrika EI-1008M,positif
hasil licin barang original hemat listrik garansi resmi berat ringan hemat listrik mutu jamin sni gampang pakai,KIRIN Setrika Listrik KEI-340S,positif
kirim cepat barang sesuai gambar maju terus alaska,Cosmos CB 282P - Blender Plastik 2 Liter Stainless Steel,positif
produk bagus respon jual baik kirim cepat,SAMSUNG LED TV 32 Inch - UA32N4003,positif
mantap layan,MITOCHIBA MAGIC CHOPPER 2 LITER CH-200,positif
barang bagus layan ramah kirim cepat,LG Kulkas 2 Pintu Smart Inverter GN-B215 SQMT ( Khusus Makassar ),positif
alhmdllh darat aman polewali jual ramah,HAND MIXER PHILIPS HR-1552,positif
ulas temu,LG Kulkas 2 Pintu Smart Inverter GN-B195 SQMT ( Khusus Makassar ),positif
nyata besar keranjang nya kualitas,GREEN LEAF Keranjang Pakaian Otilla 1522,positif
sesuai pesan barang rumah aman cepat proses,RINNAI Kompor Gas 2 Tungku RI-522S,positif
alhamdulillaah paket sampai kurang lebih 2 jam terima kasih alaska baru tau kalo beli lewat tokopedia akan lebih banyak beli sini soal kalo beli lang,MIYAKO KIPAS ANGIN WALL FAN REMOTE KAW-1689 RC,positif
layan cepat barang elektronik cek dulu bagus apa belum kirim mantap banget,KIRIN Oven Listrik 25Liter KBO-250 RA,positif
"2 x beli layan adminnya mantap barang tes dulu baru kirim naik gaji adminnya,""LG LED Smart TV 32"""" 32LM630BPTB"",positif"
cepat respon layan nya bagus,MITOCHIBA MAGIC CHOPPER 2 LITER CH-200,positif
peking nya rapi barang baguss,MITOCHIBA MAGIC CHOPPER 2 LITER CH-200,positif
peking rapi terimakasih,MIYAKO Blender BL-151GF,positif
packing rapihcepet barang oke harga oke,MIYAKO Blender BL-211 PLY,positif
barang terima aman cepet admin ramah terima kasih next belanja sini,HAND MIXER PHILIPS HR-1552,positif
fast respon barang mantaaappp,MITOCHIBA MAGIC CHOPPER 2 LITER CH-200,positif
barang nya tiba selamat rapih tksih,MITOCHIBA MESIN CUCI PORTABLE WM-1,positif
barang cepat bagus sekali recomended masker dan sellernya,LG PURICARE MASKER AP300AWFA,positif
"kirim barang cek tes dulu lengkap bukti foto super layan nya,""LG LED Smart TV 32"""" 32LM630BPTB"",positif"
cepat barang bagus,Maspion Kompor Listrik Portable S301,positif
respond cepat barang terima baik terimakasih,miyako Rice cooker 3 in 1 model mcm 609,positif
jual nya fast respon packingnya bagus barang sesuai pesan,HAND MIXER PHILIPS HR-1552,positif
barang sampai packing rapi jual ramah fast responoven fungsi baikmakasih,KIRIN OVEN LISTRIK KBO-190 LW ( Low Watt ),positif
packing oke pakai bubble wrap padahal dekat kirim ekspres jual ramah,PROGAS kompor portable 2 in 1 Termurah,positif
allhamdulillah unit tiba aman layan bagusss admin fast respon komunikatif terus tingkat,LG Kulkas 2 Pintu Smart Inverter GN-B215 SQMT ( Khusus Makassar ),positif
keren sih adminnya fast response barang habis pes langsung proses barang cuma beberapa jam pake kirim instan barang nya oke puas deh pok,Mito MO-666 Neo Electric Oven 20 L,positif
barang sesuai gambar respon jual cepat ramah,LG MESIN CUCI 2 TABUNG - TWIN TUB P905RTB 9KG ( KHUSUS MAKASSAR ),positif
paket terima lebih cepat pagi pes sampai siang barang nyampe perlu repot2 toko puas belanja sini chat cepat direspon,MITOCHIBA MAGIC CHOPPER 2 LITER CH-200,positif
barang udah nyampe prosessnya cepat terimakasih,Miyako KG 502 C Kompor Gas 2 Tungku,positif
pagi pesan siang sampai jual ramahsenang belanja sini,Cosmos Blender CB 522 - Hitam,positif
layan cepat sangan baik,MIYAKO KIPAS ANGIN WALL FAN REMOTE KAW-1689 RC,positif
puas banget produk sesuai deskripsi telah cek fungsi baik toppp,Mito MO-666 Neo Electric Oven 20 L,positif
admin nya sabar banget packing aman kirim cepet,MIYAKO Dispenser Portable WD-190 H,positif
mantap fungsi baikmksieee min,Miyako Hand Mixer HM 620,positif
makasih buat mbak bantu respon sngat cepat tv nya sudah ke kirim,XIAOMI Mi TV 4 43â LED Android Smart TV(KHUSUS MAKASSAR),positif
cepat kirim pakking super rapiamat puas,LG Monitor LED TV 24 Inch 24TL520,positif
mantap kirim cepat kurang 3 jam ada rumah kualitas yah tahu sendiri bagaimana standar alaska mantap,MASPION Kompor Listrik KP S-300,positif
layan cepat ramah responnya oke,KIRIN OVEN LISTRIK KBO-190 LW ( Low Watt ),positif
barang bagus kurir nya aja beres tidak antar alamat alas barang besar padahal di bayar,XIAOMI MI TV 4 32 Smart Android TV,positif
"barang mulus cacat respon cepat makasih alaska,""Xiaomi Mi TV 4 32"""" Bezel-Less Smart TV - Android TV"",positif"
barang jadi aman,BUBBLE WRAP,positif
biasa response jual sangat cepat proses cepat kurang lebih 3 jam barang sampai tempat barang bagus terima kasih,Cosmos Stand Fan 16 inch - 16XDC,positif
barang oke harga murah,PHILIPS Setrika GC-122 350Watt,positif
packingnya rapi di kirim ditest di lampir semua isi paket,KIRIN OVEN LISTRIK KBO-190 LW ( Low Watt ),positif
barang dengan aman ada cacat sama sekali,MITOCHIBA MAGIC CHOPPER 2 LITER CH-200,positif
sesuai pesan produk operasi normal moga awet terima kasih,MIYAKO Blender BL-211 PLY,positif
kirim cpt barangx bgus kualitas,RINNAI Kompor Gas 2 Tungku RI-302S,positif
responsif barang sesuai deskripsi,MITOCHIBA MESIN CUCI PORTABLE WM-1,positif
super gercep mimin kurir ramah semua order 1500 tiba 1730,Mito Oven MO 999 TOP 28L,positif
tau bagus ato tdknya ini deh jadi hadiah buat sodara nnt sodara pakai bru tau kualitas nya untuk layan blnjanya bagus,MITO DIGITAL AIR FRYER 3L AF-2,positif
responsif barang dngn selamat,Cosmos Blender CB 282G,positif
fungsi okharga murah,KIRIN Sandwich Toaster / Pemanggang Roti KST-365,positif
gampang rakit udara jadi sejuk,COSMOS Desk Fan / Kipas Angin 12 LDA,positif
ringan kokoh,miyako Rice cooker 3 in 1 model mcm 609,positif
gampang rakit desain elegan hemat listrik udara jadi sejuk garansi full,SEKAI Kipas Angin/ Stand Fan HSN-1238 PO,positif
barang original,MIYAKO Setrika EI-1008M,positif
mantap packingan rapi kirim cepat respon sellernya bagus lebih bintang bicara,MIYAKO KIPAS ANGIN WALL FAN REMOTE KAW-1689 RC,positif
mantap baru tau alaska tokpednya barang coba aman lengkap harga murahkirimnya cepat via bang ojol trimakasih,KIRIN OVEN LISTRIK KBO-190 LW ( Low Watt ),positif
barang datang cepat packingannya mantap,PROGAS kompor portable 2 in 1 Termurah,positif
barang nyampenya cepat packingan mantap,Tabung Gas Kaleng 6 Hi-Cook,positif
product sesuai pic,PHILIPS Blender Glass 2 Liter HR-2222,positif
respon jual proses pemgiriman bagus cepat,Cosmos CB 282P - Blender Plastik 2 Liter Stainless Steel,positif
barang sesuai pesan lengkap packingannya rapi kirim cepat,KIRIN OVEN LISTRIK KBO-190 LW ( Low Watt ),positif
barang terima baik kipas cocok banget ruang mini,MASPION MWF-3001 RC KIPAS ANGIN,positif
kirim cepat aman barang normal semua,SAMSUNG LED TV 32 Inch - UA32N4003 (KHUSUS MAKASSAR),positif
mantap tangan kirim nya jgn ragu belanja toko dah terimakasih,SAMSUNG LED TV 32 Inch - UA32N4003,positif
miminnya mantap fash respon makasih min,MITOCHIBA MAGIC CHOPPER 2 LITER CH-200,positif
barang sesuai pesan respon jual cepat,LION STAR CONTAINER 50 LTR LS VC-15,positif
barang bagus cepat direspon dancepat kirim,Tabung Gas Kaleng 6 Hi-Cook,positif
"layan bagus produk original,""Xiaomi Mi TV 4 32"""" Bezel-Less Smart TV - Android TV"",positif"
barang dengan baik,MIYAKO Magic Com 0.6Ltr MCM-606A,positif
respon cpt dibks mixerx pkai plastik jadi basah kena hjnmakasih tk alaska,PHILIPS Stand Mixer Com HR-1559,positif
jual sangat baik produk bagus banget,Mito MO-888 Electric Oven 33 Liter Fantasy,positif
respon jual bagus kirim cepat,Mito MO-888 Electric Oven 33 Liter Fantasy,positif
"layan muas,""LG LED Smart TV 32"""" 32LM630BPTB"",positif"
layan cepat mantap,BUBBLE WRAP,positif
jual ramah barang original harga sesuai kirim cepat order,LG Inner Cover Masker PuriCare for Wearable Air Purifier,positif
jual ramah barang original harga sesuai kirim cepat order,LG Filter Masker Puricare for Wearable Air Purifier,positif
jual ramah barang original harga sesuai kirim cepat order barang kirim dalam packing coba fungsi baik,LG PURICARE MASKER AP300AWFA,positif
respon jual cepat jelas sesuai minta,Mito MO-888 Electric Oven 33 Liter Fantasy,positif
"tv kerja baik layan super baik cek tes dulu kirim tiap tes foto sama adminnya sangat ramah kirim cepat tv dengan,""Xiaomi Mi TV 4 32"""" Bezel-Less Smart TV - Android TV"",positif"
layan sangat ramah cepat,LG Filter Masker Puricare for Wearable Air Purifier,positif
sesuai deskripsi barang bagus,Mito MO-888 Electric Oven 33 Liter Fantasy,positif
produk original sesuai gambar bagi lengkap jual ramah komunikatif 2 kali transaksi sini kecewa terima kasih,MITOCHIBA MAGIC CHOPPER 2 LITER CH-200,positif
resolusi gambar tajam,Xiaomi Mi TV 4 55 Bezel-less Bezelless 55 Inch FHD Android Smart TV,positif
proses pesan cepat berat ringan,PHILIPS Setrika Listrik HD-1172,positif
fast response produk original,RINNAI Kompor Gas 2 Tungku RI-302S,positif
darat selamat,MIYAKO Setrika EI-1008M,positif
proses pesan cepat,MIYAKO Setrika EI-1008M,positif
kompor bagus ada cacatpengiriman jga cpt,RINNAI Kompor Gas 2 Tungku RI-522S,positif
sedikit kecewa soal baru buka ada bagi patah not jelek lah min soal ramah,Rice Cooker MIYAKO MCM-612,positif
layan baik,XIAOMI Mi TV 4 43â LED Android Smart TV(KHUSUS MAKASSAR),positif
barang sampe selamat mantap,Cosmos Blender CB 282G,positif
material produk bagus produk fungsi baik,MITOCHIBA MAGIC CHOPPER 2 LITER CH-200,positif
barang baguspengiriman amanreseller ramah amanah,MIYAKO MAGIC COM MCM-509,positif
barang tiba kondisi baik normal mulus rekomend banget,MIYAKO Setrika EI-1008M,positif
mantap satu2nya toko ready stocknya mksr,XIAOMI Mi TV 4 43â LED Android Smart TV(KHUSUS MAKASSAR),positif
fungsi baik,SHARP ES-T79-SJ-BL-PK mesin cuci 2 tabung 7.5kg ( khusus makassar ),positif
jual fast respon komunikatif barang kirim test dulu hasil kirim via chat transaksi langsung lebih 3 jam mulai checkou,miyako Rice cooker 3 in 1 model mcm 609,positif
respon jual mantap jual ramah banget proses pesan cepat nasi matang rata packaging aman,Philips Magic Com HD 3115,positif
jual responsif kirim barang cepat mutu barang baik,Cosmos Stand Fan 16 inch - 16XDC,positif
proses pesan cepat udara jadi sejuk respon jual mantap packaging rapi gampang rakit jual ramah banget packaging aman,Cosmos Stand Fan 16 inch - 16XDC,positif
mantaapp pokok langsung kirim produk kualitas,RINNAI Kompor Gas 2 Tungku RI-302S,positif
panas rata gampang pakai barang original desain elegan garansi resmi,Mito Oven MO 999 TOP 28L,positif
alhamdulillah pungsi baik kirim cepat,Miyako Hand Mixer HM 620,positif
bagus barang cek sblm kirim mudah banget buat belanja yang sempat toko kirim cepat pake gojek instan sukses terus alaska,KIRIN Sandwich Toaster / Pemanggang Roti KST-365,positif
panas rata garansi resmi desain elegan bagus hasil panggang warna rata,Mito MO-888 Electric Oven 33 Liter Fantasy,positif
barang fungsi baik,Tabung Gas Kaleng 6 Hi-Cook,positif
"proses pesan cepat udara jadi sejuk packaging aman packaging rapi desain elegan,""SEKAI Wall Exhaust Fan 12"""" WEF 1290"",positif"
barang original jual sangat friendly komunikatif barang kirim kasih foto pokok mantap,MITOCHIBA MESIN CUCI PORTABLE WM-1,positif
alhamdulillaah barang sangat bagus,BUBBLE WRAP,positif
alhamdulillah sampai aman kondisi barang bagus respon jual baik,Miyako Hand Mixer HM 620,positif
garansi resmi gampang pakai hemat listrik jual ramah banget,MITOCHIBA MESIN CUCI PORTABLE WM-1,positif
kirim cepat barang oke,Mito MO-888 Electric Oven 33 Liter Fantasy,positif
gampang rakit desain elegan udara jadi sejuk hemat listrik garansi jamin,Cosmos wall fan 16 WFC /kipas angin listrik dinding tembok,positif
mantap cepat banget,RINNAI KOMPOR RI-712 BGX,positif
sangat cepat respon nya barang deh paking bagus rapih,MITOCHIBA MAGIC CHOPPER 2 LITER CH-200,positif
"barang mantap kipas duingin,""SEKAI Kipas Angin Berdiri / High Stand Fan 16"""" HSN-1638 PO"",positif"
kualitas barang oke layan,Cosmos Blender CB 282G,positif
garansi jamin mutu jamin sni packaging aman packaging rapi respon jual mantap proses pesan cepat jual ramah banget,Miyako MCM 528 Silver Magic Com Rice Cooker [ 1.8 Liter],positif
kirim cepat respon cepat selalu puas belanja toko alaska,MITOCHIBA MAGIC CHOPPER 2 LITER CH-200,positif
bagus sangat muas,Cosmos wall fan 16 WFC /kipas angin listrik dinding tembok,positif
mantaf percaya,PROGAS kompor portable 2 in 1 Termurah,positif
kualitas original harga sesuai kantong,MIYAKO Dispenser Portable WD-190 H,positif
mantapppppacking bagus,RINNAI Kompor Gas 2 Tungku RI-522S,positif
sesuai pesan,RINNAI KOMPOR RI-712 BGX,positif
tokopedia sangat bantu,Mesin Cuci Twin Tub Sharp ES-T65MW ( Khusus Makassar ),positif
kirim cepat barang bagus fungsi sesuai minta admin fast respongood amanah,Miyako MCM 528 Silver Magic Com Rice Cooker [ 1.8 Liter],positif
adminnya fast responkurirnya cept banget nyampenya semua dalam ada baik,MIYAKO Magic Com 0.6Ltr MCM-606A,positif
kirim cepat barang dengan aman,RINNAI KOMPOR RI-712 BGX,positif
barang fungsi baik kirim cepat,Cosmos Blender CB 522 - Hitam,positif
jual ramah layan sangat baik cepat barang kirim dicekk belum terima kasih banyak,Cosmos wall fan 16 WFC /kipas angin listrik dinding tembok,positif
layan responsif barang bagus,RINNAI Kompor Gas 2 Tungku RI-522S,positif
luar biasa amanah banget barang langsung proses dah hanya itungan kurang lebih 2 jam makasih alaska,Cosmos Blender CB 282G,positif
"terima kasih alas layan sangat baik,""Cosmos Wall Fan Kipas Angin Dinding 16-WFCR 16"""" + Remote"",positif"
mantap gys,Cosmos Stand Fan 16 inch - 16XDC,positif
"barang okee brand bohong lah responsif,""SEKAI Kipas Angin Tornado 12"""" 2in1 HFN-1210"",positif"
produk bagus cocok mula ukuranya pas kirim sangat cepat amanah,COSMOS Mixer Comp CM-1289,positif
produk original pngiriman cpat bnget puas bnget pkoknya,MIYAKO Dispenser Portable WD-190 H,positif
keren abis wa langsung kirim barang di test kirim rumah amann keren banget,RINNAI Kompor Gas 2 Tungku RI-302S,positif
desain elegan,XIAOMI TV A2 43''-UHD (MITV L43M7-EAID ) KHUSUS MAKASSAR,positif
desain elegan gampang rakit hemat listrik garansi jamin udara jadi sejuk,MIYAKO KIPAS ANGIN WALL FAN REMOTE KAW-1689 RC,positif
respon komunikasi admin cepat garansi jamin gampang rakit,Cosmos wall fan 16 WFC /kipas angin listrik dinding tembok,positif
respon chat proses kirim cepat barang fungsi baik,MIYAKO Dispenser Portable WD-190 H,positif
barang original garansi resmi jual ramah banget proses pesan cepat packaging rapi respon jual mantap berat ringan,MIYAKO Setrika EI-1008M,positif
barang oke tes di chat kirim layan sangat cepat,XIAOMI MI TV 4 32 Smart Android TV,positif
material produk bagus kualitas produk bagus produk fungsi baik,MIYAKO Dispenser Portable WD-190 H,positif
"gampang rakit desain elegan proses pesan cepat packaging aman,""SEKAI Kipas Angin Tornado 10"""" HFN-1060"",positif"
desain elegan hemat listrik proses pesan cepat jual ramah banget respon jual mantap,Cosmos Stand Fan 16 inch - 16XDC,positif
mutu jamin sni desain elegan garansi resmi hemat listrik jual ramah banget proses pesan cepat,SHARP ES-T79-SJ-BL-PK mesin cuci 2 tabung 7.5kg ( khusus makassar ),positif
"gampang rakit garansi jamin udara jadi sejuk proses pesan cepat jual ramah banget packaging aman packaging rapi respon jual mantap desain elega,""Cosmos Wall Fan Kipas Angin Dinding 16-WFCR 16"""" + Remote"",positif"
aman kirim brng elektronik,PACKING KAYU,positif
"udara jadi sejuk proses pesan cepat respon jual mantap,""SEKAI EXHAUST FAN DINDING 8"""" WEF-890"",positif"
hasil setrika licin jual ramah banget gampang pakai packaging aman,Philips Setrika Uap Berdiri GC-518,positif
super duper fast respon jual sungguh ramah layan muas kipas nya bagus sekali,Cosmos Stand Fan 16 inch - 16XDC,positif
belanja alaska selalu puasini produk dua after belum belanja microwave,MITOCHIBA MAGIC CHOPPER 2 LITER CH-200,positif
wow kipas kencang warna bagus desain kokoh,Cosmos Stand Fan 16 inch - 16XDC,positif
kipas angin fungsi baik sangat puas belanja toko alaska,Cosmos Stand Fan 16 inch - 16XDC,positif
"layan super cepat test langsung antar keren,""Cosmos Kipas Angin 3in1/3Fungsi 16SO33 ONY(16"""")"",positif"
puas bangat barang bagus sekali tampa kerusankan sama sekali pengirimanya cepat bangat puas belanja sini semogah alaska sukses selalu usaha,Miyako Hand Mixer HM 620,positif
sampai kirim cepat murah,RINNAI Kompor Gas 2 Tungku RI-522S,positif
mantap banget puas barang tiba selamat,RINNAI Kompor Gas 2 Tungku RI-302S,positif
"barang bagus cek kirim,""Cosmos Kipas Angin 3in1/3Fungsi 16SO33 ONY(16"""")"",positif"
respon cepat barang bagusrecomended,PROGAS kompor portable 2 in 1 Termurah,positif
"barang kirim hari sama,""XIAOMI MI TV 4 55"""" LED Android Smart TV(KHUSUS MAKASSAR)"",positif"
"mudah rakit belum kirim barang testing lebih sahulu,""SEKAI Kipas Angin Tornado 10"""" HFN-1060"",positif"
kirim instan mantap alaska barang original garansi,MIYAKO KIPAS ANGIN WALL FAN REMOTE KAW-1689 RC,positif
mantap rim cepat angin kencang moga awet,Cosmos 12-DAR N,positif
packing super rapih layan super ramah komplit info,TURBO Mixer Pro Chef New EHM-9588,positif
packing sangat rapih,Gilingan Mie Atlas Pasta,positif
barang oke cepat,PROGAS kompor portable 2 in 1 Termurah,positif
super fast response butuh dadak mixer yang rusak pesan jam stngh 4 jam 5 digojekin,Miyako Hand Mixer HM 620,positif
antar cepatpackingannya rapirespon balas chatnya cepatpokoknya okaytoko recommended,COSMOS Stand Mixer Cosmic CM-1589,positif
"mantap gan barang dah mudah awet layan fast respon,""SEKAI Wall Exhaust Fan 12"""" WEF 1290"",positif"
mantap barang sampe cepet dipakaiin bubble wrap padahal deket,PROGAS kompor portable 2 in 1 Termurah,positif
service mantap kirim cepat,MIYAKO Blender Plastik 1.5Liter BL-151 PF/AP,positif
mantabproduk sesuai,Cosmos Stand Fan 16 inch - 16XDC,positif
barang kualitas kirim cepat,TURBO MIXER GRANDE EHM-9595,positif
gampang rakit desain elegan hemat listrik garansi jamin udara jadi sejuk,MIYAKO KIPAS ANGIN WALL FAN REMOTE KAW-1689 RC,positif
cepat banget nyampe packing rapi bagus deh cek deh coba semua dlm ada baik makasih,Miyako Hand Mixer HM 620,positif
pesan sesuai deskripsi jual ramahdan responsif recommended jual,LG PURICARE MASKER AP300AWFA,positif
biasa aja,PROGAS kompor portable 2 in 1 Termurah,positif
"kipas mantap fungsi baik kirim super cepat respon jual sangat baik nama nomor kurir cantum chat the best lah,""SEKAI Kipas Angin Berdiri / High Stand Fan 16"""" HSN-1638 PO"",positif"
packagungnya rapisellernya ramahbarangnya guna baik gransi nya,PHILIPS AIR FRYER HD 9218 (Khusus Makassar),positif
respon cepat barang cepat,SHARP Kulkas 1 Pintu SJ-X165MG,positif
bagus fungsi baik,RINNAI Kompor Gas 2 Tungku RI-522S,positif
mantap kaka penyok dikit gpp kalo ready ken repeat,LG PURICARE MASKER AP300AWFA,positif
respon jual cepat kirim cepat sblm kirim tes quality control barang original garansi resmipaling murah semua tokobarang mantapjoss,COSMOS Electric Kettle 1.2 L CTL-210,positif
terima kasih atas respon layan sangat cepat barang,SHARP Air Purifier FP-F30Y,positif
over all biar bintang bicaara,Miyako Hand Mixer HM 620,positif
kulkas sampai selamat admin kurir nya ramah moga awettt bertahunn2 terimakasihhhhh,LG Kulkas 2 Pintu Smart Inverter GN-B195 SQMT ( Khusus Makassar ),positif
keren layan baik harus daftat official merchant,XIAOMI MI TV 4 BEZELLESS 43 L43M6-EL,positif
layan ramah cepat barang periksa foto kirim barang tiba aman tepat waktumakasih,TURBO Mixer Pro Chef New EHM-9588,positif
kirim cepat percaya kualitas barang baguss respon admin mantap job,MITOCHIBA MAGIC CHOPPER 2 LITER CH-200,positif
respon cepat barang uji lapak memang tokcer terima kasih agan,SETRIKA MASPION HA 180,positif
barang sesuai deskripsi fungsi baik terima kasih banyak alaska recommended jual,PROGAS kompor portable 2 in 1 Termurah,positif
sesuai pesan,Tabung Gas Kaleng 6 Hi-Cook,positif
jual sangat responsif,MITOCHIBA MAGIC CHOPPER 2 LITER CH-200,positif
barang cepat,MITOCHIBA MAGIC CHOPPER 2 LITER CH-200,positif
selalu suka belanja alaska layan cepat baik,Cosmos Blender CB 282G,positif
barang mantap kirim cepat komunikasi jual lancar,MIYAKO Dispenser Portable WD-190 H,positif
barang baru bagus sesuai harap respon lambat dikit to muas terima aksih alaska,Cosmos Blender CB 282G,positif
mesin cuci sangat manfaat fungsi baik cepat panas guna hingga bilas 3 kali jual sangat responsif lihat semua foto ada baran,MITOCHIBA MESIN CUCI PORTABLE WM-1,positif
layan bagus,BUBBLE WRAP,positif
awal kira barangx rusak nyata tau cara pakai mbakx respon skali tawwa saat qta tanya terima kasih makin percaya beli barang via online deh,PROGAS kompor portable 2 in 1 Termurah,positif
fungsi baik jual fast response,Cosmos wall fan 16 WFC /kipas angin listrik dinding tembok,positif
pertama kali beli online barangx jamin bagus dari toko tes periksa terima kasih alaska,MIYAKO Stand Mixer SM-625,positif
barang tiba sesuai pesan layan sangat responsif kirim foto produk test produk recommended belanja online alaska,KIRIN Sandwich Toaster / Pemanggang Roti KST-365,positif
barang bagusrespon pihak toko sangat cepatnyaman belanja sini,PHILIPS Stand Mixer Com HR-1559,positif
barang bagus,Cosmos Blender CB 282G,positif
barang bagusrespon toko sangat cepatbarang sesuai pesananpelayanan sangat baik,KIRIN Oven Listrik 25Liter KBO-250 RA,positif
"layan cepat,""SEKAI Kipas Angin Tornado 12"""" 2in1 HFN-1210"",positif"
cukup bagus,MITOCHIBA MESIN CUCI PORTABLE WM-1,positif
respon jual cepat ditest kirim pakai instant sejamduajam terima,MIYAKO Dispenser Portable WD-190 H,positif
terima kasih bantu baik ramah staff alaska makassar kooperatif,MODENA - MC 0356 Sliding Glass Freezer,positif
mantap packingnya sampe susah tdi buka,PACKING KAYU,positif
alhamdulillah barang tiba aman admin nya fast respon moga barang nya awet thx yah,MITOCHIBA MAGIC CHOPPER 2 LITER CH-200,positif
barang fungsi baik,Cosmos Stand Fan 16 inch - 16XDC,positif
"cara mudah belanja perlu repot kena macet,""LG LED TV 43"""" 43LM5500 PTA"",positif"
barang sesuai bagus,MITOCHIBA MESIN CUCI PORTABLE WM-1,positif
barang mantap fungsi baik,PROGAS kompor portable 2 in 1 Termurah,positif
barang kerja baik packaging sangat reseller cepat sopan handal terima kasih,PHILIPS AIR FRYER HD 9218,positif
barang oke,XIAOMI Mi TV 4 43â LED Android Smart TV(KHUSUS MAKASSAR),positif
packingnya bagus,miyako Rice cooker 3 in 1 model mcm 609,positif
barang terima kondisi sangat bagus,Miyako Hand Mixer HM 620,positif
packaging kayu aman rapih barang lecet sama sekali,PACKING KAYU,positif
pesan tiba bintang 5 jual nya,LG Monitor LED TV 24 Inch 24TL520,positif
alhamdulillah cukup tengah jam pesan sampai kipas angin fungsi baik respon jual cepat ramah barang cek konfirmasi ada bara,MIYAKO KIPAS ANGIN WALL FAN REMOTE KAW-1689 RC,positif
sellernya ramah banget fast respon barang kirim jual kirim kondisi produk seluruh pokok puas layan tahan kalau,MIYAKO KIPAS ANGIN WALL FAN REMOTE KAW-1689 RC,positif
"fast respond periksa brgnya bgus dkirimin gmbar produk sdg dtesalaska mantap betul,""SEKAI Wall Exhaust Fan 12"""" WEF 1290"",positif"
kirim barang cepat pakai moga mngecewakan harga murah apalg kota sendiri moga stok selalu jadi klo habis beli sini,LG Inner Cover Masker PuriCare for Wearable Air Purifier,positif
terimakasih paket sampai aman layan jual sangat baik ramah,MITOCHIBA MAGIC CHOPPER 2 LITER CH-200,positif
respond cepat ramah toko kirim foto sedang mengetest produk,COSMOS Electric Kettle 1.2 L CTL-210,positif
mantap barang tes sbelum kirim,Miyako KG 502 C Kompor Gas 2 Tungku,positif
barang sesuai,CHANGHONG LED TV L24G3HD TV,positif
barang amansudah tes normal,MITOCHIBA MAGIC CHOPPER 2 LITER CH-200,positif
sampe ini aman2 aja si moga awet thank you layan baik langsung antar besok sore,LG Kulkas 2 Pintu Smart Inverter GN-B195 SQMT ( Khusus Makassar ),positif
respon cepat jual barang di tes dulu kirim foto barang sampai selamat,Miyako KG 502 C Kompor Gas 2 Tungku,positif
"respon cpt barang mantap,""XIAOMI MI TV 4 55"""" LED Android Smart TV(KHUSUS MAKASSAR)"",positif"
tv nya bagus kirim sangat cepat,XIAOMI MI TV 4 32 Smart Android TV (khusus makassar),positif
layan responsif puas deh,Maspion Kompor Listrik Portable S301,positif
"product bagus kirim cepat aman sangat recommended,""SAMSUNG LED Smart TV 32"""" UA32-T4500"",positif"
pesan barang malam pagi2 jam 10 udah nyampe barang keren alaska,MITOCHIBA MAGIC CHOPPER 2 LITER CH-200,positif
mantap cepet banget sampenya,MITOCHIBA MAGIC CHOPPER 2 LITER CH-200,positif
sangat puas di kirim jual ngecek dulu barang kirim foto pesan jam 830 wib pesan dri jkt buat kado paket tiba jam 1000 wita makasih y min,MITOCHIBA MAGIC CHOPPER 2 LITER CH-200,positif
layan mantap muas,SAMSUNG LED TV 32 Inch - UA32N4003,positif
jual ba the bestharga paling mantap markotopsmoga lapak laris terus makin maju sama toped,LG Inner Cover Masker PuriCare for Wearable Air Purifier,positif
jual ba the bestharga paling mantap markotop alias paling murah tetep originalsmoga lapak laris terus makin maju sama toped,LG Filter Masker Puricare for Wearable Air Purifier,positif
mantap pokok barang di tes dulu di kirim jadi pasti brangnya bgus cacat,BUBBLE WRAP,positif
jual sangat responsif kirim tiba hitung jam sangat cepat tks,MITOCHIBA MAGIC CHOPPER 2 LITER CH-200,positif
mantaplayanan super cepat barang nya bagus,KIRIN OVEN LISTRIK KBO-190 LW ( Low Watt ),positif
layan sangat baikmuda mudah barang awet,MIYAKO KIPAS ANGIN WALL FAN REMOTE KAW-1689 RC,positif
proses kirim cepat lancar,RINNAI Kompor Gas 2 Tungku RI-522S,positif
"barang sesuai deskripsi jual responsif kirim cepat,""SEKAI Exhaust Fan 8"""" MVF-893"",positif"
gampang rakit hemat listrik udara jadi sejuk garansi jamin desain elegan,MASPION MWF-3001 RC KIPAS ANGIN,positif
fast respon barang original,MITOCHIBA MAGIC CHOPPER 2 LITER CH-200,positif
"gampang rakit desain elegan udara jadi sejuk,""Cosmos Kipas Angin 3in1/3Fungsi 16SO33 ONY(16"""")"",positif"
mantap fast respon kali bakal belanja sini,PHILIPS Setrika Listrik HD-1172,positif
respon toko cepat baik barang terima bagus makasih,Mito MO-888 Electric Oven 33 Liter Fantasy,positif
barang sesuai pesan respon kirim cepat recomended jual,PROGAS kompor portable 2 in 1 Termurah,positif
mantap bet sesuai deskripsi sudah tes mantap lah makasih buat ucap kak,RINNAI Kompor Gas 2 Tungku RI-522S,positif
barang original,MIYAKO Setrika EI-1008M,positif
barang sesuai deskripsi di check di kirim ikut foto respon jual luar biasa meski cepat tiba saat hujan kurir kurang care paket ba,KIRIN Sandwich Toaster / Pemanggang Roti KST-365,positif
panas rata mutu jamin sni barang original desain elegan,Mito MO-888 Electric Oven 33 Liter Fantasy,positif
makasih layan bagus yaah proses foto dulu barang coba,MITOCHIBA MAGIC CHOPPER 2 LITER CH-200,positif
produk bagus sesuai deskripsi,LG Inner Cover Masker PuriCare for Wearable Air Purifier,positif
barang bagus,BUBBLE WRAP,positif
"respon admin keren barang sesuai pesan alaska store is the best,""SEKAI Kipas Angin Tornado 10"""" HFN-1060"",positif"
jual responsif sekali kirim barang cek dulu emas kirim cepat banget sangat puas terima kasih alaska,Mito MO-888 Electric Oven 33 Liter Fantasy,positif
barang bagus harga saing jual fast respon ramah,KIRIN OVEN LISTRIK KBO-190 LW ( Low Watt ),positif
desain elegan garansi jamin udara jadi sejuk gampang rakit hemat listrik,COSMOS Desk Fan / Kipas Angin 12 LDA,positif
mantap layan cepat ramah,Cosmos Blender CB 282G,positif
barang sesuai pesan,Miyako KG 502 C Kompor Gas 2 Tungku,positif
"mantap barang sesuai pesan kirim tepat waktu akan repeat order ke toko,""SEKAI Wall Exhaust Fan 12"""" WEF 1290"",positif"
kirim cepat respon jual sangat baik,Cosmos Blender CB 282G,positif
hasil licin barang original mutu jamin sni garansi resmi gampang pakai berat ringan hemat listrik hemat listrik,KIRIN Setrika KEI-340N,positif
selalu puas belanja toko barang2nya bagus layan ramah moga lebih sukses ke depan,Cosmos wall fan 16 WFC /kipas angin listrik dinding tembok,positif
fast respon barang original mutu jamin sni garansi resmi blum coba,Mito MO-888 Electric Oven 33 Liter Fantasy,positif
"layan costumer servicenya buagus sekali komunikasi langgan sangat baik bisa beri solusi langgan recomendet belanja online alaska,""SEKAI Wall Exhaust Fan 12"""" WEF 1290"",positif"
layan bagus respon cepat,MIYAKO Stand Mixer SM-625,positif
layan respon cepat barang bagus,Mito MO-666 Neo Electric Oven 20 L,positif
barang bagus praktis guna,MITOCHIBA MESIN CUCI PORTABLE WM-1,positif
kirim cepat packingan aman,COSMOS Electric Kettle 1.2 L CTL-210,positif
respon cepat ramah produk baik periksa ditestkan lebih packaging rapih aman thankyu,RINNAI KOMPOR RI-712 BGX,positif
pisau tajam gampang bersih ringan kokoh garansi jamin cepat bau gampang pakai,Cosmos Blender CB 282G,positif
respon admin toko baik pagkaging baik kirim cepat terimakasih,MITOCHIBA MAGIC CHOPPER 2 LITER CH-200,positif
layan baik cepat,RINNAI Kompor Gas 1 Tungku RI-301S,positif
barang original packaging rapi lain kali dos barang jangan ikut lakban,MIYAKO Setrika EI-1008M,positif
barang original barang kirim lengkap garansi resmi,TURBO MIXER GRANDE EHM-9595,positif
mantap kencang sekali angin kamar ukur 20m jual walaupun hampir tutup nasempatkan kirim instan trims,COSMOS Desk Fan / Kipas Angin 12 LDA,positif
jual responsif alat uji coba foto beli kirim alat fungsi baik,Cosmos Blender CB 522 - Hitam,positif
mantap jual barang original ditest belum kirim kirim instant jelas admin banget terimakasih sukses terus,MIYAKO Rice Cooker MCM-507,positif
barang original berat ringan,PHILIPS Setrika GC-122 350Watt,positif
barang bagus bantu tes sama orang toko sekali garansi,Cosmos Blender CB 282G,positif
kirim gercep barang sesuai pesan garansi,MIYAKO Blender Plastik 1.5Liter BL-151 PF/AP,positif
layan cepat,MITO Oven MO 777 HIT Kapasitas 22L,positif
barang original serta garansi semua unit lengkap ada cacat gores produk respon jual cepat sudah lalu qc toko untuk mas,Cosmos Blender CB 282G,positif
barang cepat dan kondisi baik sesuai estimasi,MIYAKO Blender Plastik 1.5Liter BL-151 PF/AP,positif
produk sesuai deskripsi jual ramah responsif kirim jual cepat makasih,Mito Oven MO 999 TOP 28L,positif
cepat senyap tepat,MIYAKO Dispenser Portable WD-190 H,positif
panas rata barang original garansi resmi desain elegan gampang pakai,Mito MO-888 Electric Oven 33 Liter Fantasy,positif
barang oke kirim cepat,Cosmos CB 282P - Blender Plastik 2 Liter Stainless Steel,positif
fast respon banget kualitas barang oke,Cosmos Blender CB 282G,positif
barang bagus,Cosmos CB 282P - Blender Plastik 2 Liter Stainless Steel,positif
coba barang original makasih lapak makasih toped,HAND MIXER PHILIPS HR-1552,positif
garansi jamin kirim cepat,Cosmos Blender CB 282G,positif
layan cepat muas barang,KIRIN OVEN LISTRIK KBO-190 LW ( Low Watt ),positif
jual fast respon ramah kualitas barang mantap pokok nyesel beli toko,Miyako Hand Mixer HM 620,positif
"layan bagus proses cepat,""SEKAI Exhaust Fan 8"""" MVF-893"",positif"
respon cepat jual ramah informatif barang kemas rapi baik alaska memang mantap,COSMOS Electric Kettle 1.2 L CTL-210,positif
kirim super cepatpakin bagusmakasih,COSMOS Hand Mixer CM-1279,positif
gampang rakit hemat listrik udara jadi sejuk desain elegan garansi jamin,COSMOS Desk Fan / Kipas Angin 12 LDA,positif
"keren cepat barang bagus,""LG LED Smart TV 32"""" 32LM630BPTB"",positif"
ekspress toko mantap staff layan cepat tanggap kirim packing aman sekitar 2 jam order sudah di rumah makasih alaska store t,MITOCHIBA MAGIC CHOPPER 2 LITER CH-200,positif
coba mantap kendari barang jaga baik terima kasih banyak jual,MITOCHIBA MAGIC CHOPPER 2 LITER CH-200,positif
kirim cepat respon jual mantap,MIYAKO KIPAS ANGIN WALL FAN REMOTE KAW-1689 RC,positif
gampang rakit desain elegan garansi jamin service respon sangat baik perlu ragu belanja online toko daripada desak2an belanja offline kalo,MIYAKO KIPAS ANGIN WALL FAN REMOTE KAW-1689 RC,positif
"gampang rakit desain elegan hemat listrik udara jadi sejuk garansi jamin,""Cosmos Kipas Angin 3in1/3Fungsi 16SO33 ONY(16"""")"",positif"
mantap jual ramah chatnya cepet cara kerja managemennya ambil putus bagus komunikasi bagus kirim makassar palu aman dis,SHARP MESIN CUCI 2 TABUNG /TWIN TUB ES-T85 CR,positif
"fast respons sangat layak bintang 5,""SEKAI Kipas Angin Tornado 12"""" 2in1 HFN-1210"",positif"
"respon jual mantap proses cek smpe kirim sangat cepat makasih,""SEKAI EXHAUST FAN 12"""" CEF-1295"",positif"
mantap cepat sampai barang fungsi baik,COSMOS Desk Fan / Kipas Angin 12 LDA,positif
orangorang alaska emang te ope be ge te,Rice Cooker MIYAKO MCM-612,positif
mantap tim alaska emang jempol,RINNAI Kompor Gas 2 Tungku RI-522S,positif
mudah guna gampang bawa kemanamana,Cosmos Blender CB 522 - Hitam,positif
tiba cepat gampang rakit adeeem anginnyaa,Cosmos Stand Fan 16 inch - 16XDC,positif
mantap fungsi baik moga awettttt,Cosmos Blender CB 282G,positif
respon jual cepat kirim cepat,SHARP AQUOS LED TV 24 Inch 2T-C24DD1i,positif
"alhamdulilah barang pesan tiba recomended buat kipas angin kamar,""SEKAI Kipas Angin Tornado 10"""" HFN-1060"",positif"
barang sesuai pesan makasih,RINNAI Kompor Gas 2 Tungku RI-522S,positif
produk bagus harga jangkau,Cosmos Stand Fan 16 inch - 16XDC,positif
"tv 32 mi memang mantap betul terimakasih alaska luarbiasa tv fungsi baik alaska mantulnya,""Xiaomi Mi TV 4 32"""" Bezel-Less Smart TV - Android TV"",positif"
"kirim sangat cepat resolusi gambar tajam banyak fiturnya jual ramah banget packaging aman respon jual mantap,""XIAOMI TV A2 32"""" Smart HD (MI TV L32M7-EAID)"",positif"
tuk dua kali,COSMOS Desk Fan / Kipas Angin 12 LDA,positif
unit bagus jual mantap kirim sangat cepat pasang hasil mantap lumayan angin angin di musim sangat panas,MIYAKO KIPAS ANGIN WALL FAN REMOTE KAW-1689 RC,positif
cepet kirim admin fast respon balas chat ramah harga beda jauh toko makasih,Cosmos Stand Fan 16 inch - 16XDC,positif
"paket terima fungsi baik mantap bolak balik isap buang,""SEKAI EXHAUST FAN DINDING 8"""" WEF-890"",positif"
terima kasih barang original antar cepat keren mantap,Miyako MCM 528 Silver Magic Com Rice Cooker [ 1.8 Liter],positif
sesuai pesan fungsi baik,MIYAKO Rice Cooker MCM-507,positif
sesuai deskripsi sellernya responsif,RINNAI Kompor Gas 2 Tungku RI-522S,positif
barang fungsi baik mantap,PHILIPS HD-3138 Premium Plus Rice Cooker,positif
trimakasih admin lapak kurir y sat set layan smoga komporx panjang umur,Miyako KG 502 C Kompor Gas 2 Tungku,positif
respon jual sangat cepat barang kualitas,Miyako Hand Mixer HM 620,positif
barang terima belum sempat buka cek lengkap mudah mudah semua lengkap remote lain,MIYAKO KIPAS ANGIN WALL FAN REMOTE KAW-1689 RC,positif
bagusbarang normal,MITO ELECTRIC OVEN FANTASY 2 33 L MO-888 NEW,positif
terima kasih barang kami terima,MIYAKO KIPAS ANGIN WALL FAN REMOTE KAW-1689 RC,positif
barang original layan gercep ramah,RINNAI Kompor Gas 2 Tungku RI-602 A,positif
barang original kirim gercep,Cosmos CB 282P - Blender Plastik 2 Liter Stainless Steel,positif
barang tiba selamat cepat nyampenyatqu jual,Cosmos CB 282P - Blender Plastik 2 Liter Stainless Steel,positif
beli dua barang mantap sesuai deskripsi,Cosmos Blender CB 522 - Hitam,positif
barang original cepat nyampenya langsung pake kencang banget,Cosmos Stand Fan 16 inch - 16XDC,positif
fungsi baik disain mewah warna imut kirim sangat cepat,PHILIPS RICE COOKER DIGITAL 1.8 L HD-4515,positif
barang terima fisik baik dapat fungsi,Cosmos Stand Fan 16 inch - 16XDC,positif
barang original sayang kartu garansi robek sama pihak toko tiba cepat tepat mantap,MIYAKO Rice Cooker MCM-507,positif
bagus puas responnya cepat belanja jadi puas banget adminnya gercep,RINNAI KOMPOR GAS 1 TUNGKU RI 511C,positif
alhamdulillah paket tiba cepat mixerx original fungsi baik garansix makasih yah,COSMOS Hand Mixer CM-1279,positif
"sesuai gambar barang bagus,""SEKAI EXHAUST FAN DINDING 8"""" WEF-890"",positif"
sesuai ekspektasi jual responsif kirim cepat,Cosmos Blender CB 522 - Hitam,positif
barang dengan aman terimakasih,Rice Cooker MIYAKO MCM-612,positif
sangat rekomended pasang sangat mudah ramah penting percaya amanah,RINNAI Kompor Gas 2 Tungku RI-602 A,positif
mantap jual jelas detail packing rapi ekspedisi cepat,PHILIPS Setrika Listrik HD-1172,positif
proses pesan cepat,MITO ELECTRIC OVEN FANTASY 2 33 L MO-888 NEW,positif
posisi jakarta beliin buat mama di makassar alhamdulillah kompor fungsi baik nyala api bagus antar barang cepat aman,RINNAI Kompor Gas 2 Tungku RI-602 A,positif
sangat baik cepat barang original,MIYAKO Blender Plastik 1.5Liter BL-151 PF/AP,positif
respon jual mantap kirim cepat barang sesuai kondisi mantap lah pokok,Cosmos Blender CB 282G,positif
fungsi baik jual fast respon makasih,Cosmos Blender CB 282G,positif
jual respon cepat unit fungsi baik kurus cepwt,Cosmos Stand Fan 16 inch - 16XDC,positif
pesan sumbawa langsung hari sampe makassar,MITOCHIBA MESIN CUCI PORTABLE WM-1,positif
barang sssuai fast response,RINNAI Kompor Gas 2 Tungku RI-602 A,positif
lihat bagus coba,Rice Cooker MIYAKO MCM-612,positif
tivinya fungsi dengam baikpelayanan okekrn mau test langsung tvnya jemput sendiri tokodisana layan baikyesss resolusi gambar tajam,XIAOMI TV A2 43'' FHD (MITV L43M7-EID ) KHUSUS MAKASSAR,positif
original adminnya gercep recommended,PHILIPS Setrika Listrik HD-1172,positif
barang cepat tiba adminnya baik semua lancar terima kasih,RINNAI KOMPOR GAS 1 TUNGKU RI 511C,positif
sesuai pesananpengiriman cepat,Rice Cooker MIYAKO MCM-612,positif
barang sesuai pesan packing rapi,Magic Com Miyako MCM-508,positif
harga ramah kantong toko fast respon klo chat,XIAOMI TV A2 43'' FHD (MITV L43M7-EID ) KHUSUS MAKASSAR,positif
"sesuai fungsi respon jual cepat trims,""SEKAI EXHAUST FAN DINDING 8"""" WEF-890"",positif"
"mantap kerenn,""SEKAI EXHAUST FAN 10"""" WEF-1090"",positif"
"mantap fungsi baik,""Cosmos Wall Fan Kipas Angin Dinding 16-WFCR 16"""" + Remote"",positif"
semua fungsi baik,Cosmos Stand Fan 16 inch - 16XDC,positif
jauh aman jual gercep banget,MIYAKO Magic Com 0.6Ltr MCM-606A,positif
kipas fungsi baik respon admin cepat pesan sekian kali terima kasih,Cosmos Stand Fan 16 inch - 16XDC,positif
langsung tes terima kasih atas respon kirim cepat,MIYAKO Blender Plastik 1.5Liter BL-151 PF/AP,positif
pas sesuai deh gambar,RINNAI Kompor Gas 2 Tungku RI-522S,positif
barang original kirim instan,MIYAKO Setrika EI-1008M,positif
best cuman kurir laload,Cosmos Blender CB 282G,positif
barag kualitas asli,Cosmos Stand Fan 16 inch - 16XDC,positif
admin ramah fast respon mantap barang sesuai pick kirim cepat,Cosmos Blender CB 282G,positif
staf sangat baik ingat opsi antar lebih cepat barang fungsi baik,MIYAKO Magic Com 0.6Ltr MCM-606A,positif
"produk bagus kualitas kirim sangat cepat packingnya sangat rapi recommended,""SEKAI Kipas Angin Tornado 10"""" HFN-1060"",positif"
barang original mantap,Miyako KG 502 C Kompor Gas 2 Tungku,positif
barang bagumudah pasang angin kencang,Cosmos Stand Fan 16 inch - 16XDC,positif
mantap cepat sekali kirim nya,MITO DIGITAL AIR FRYER 6 L AF-10,positif
panas rata barang original gampang pakai,MITO ELECTRIC OVEN FANTASY 2 33 L MO-888 NEW,positif
rekomendasi unt beli,COSMOS Desk Fan / Kipas Angin 12 LDA,positif
"mantap gan cepat kirim cepat sampai paket aman,""SEKAI Wall Exhaust Fan 12"""" WEF 1290"",positif"
barang original respon jual cpt mantap pokok kecewa foto contoh,Magic Com Miyako MCM-508,positif
kualitas hanya respon jual masuk lama kategori instant,SEKAI Kipas Angin/ Stand Fan HSN-1238 PO,positif
"sesuai deskripsi kirim pke bubble wrap,""SEKAI EXHAUST FAN DINDING 8"""" WEF-890"",positif"
mantapsyuka barang,MIYAKO Dispenser Portable WD-190 H,positif
puas fungsi baikterima kasih,Miyako Hand Mixer HM 620,positif
kualitas bagus harga lebih mahal banding jawa kalau hitung ongkir sama,MITOCHIBA MAGIC CHOPPER 2 LITER CH-200,positif
barang mantappokokx puas belanja deh tokopedia,PHILIPS Setrika GC-122 350Watt,positif
respon jual sangat baik respon cepat kirim cepatbarang dengan selamatkualitas original,Cosmos wall fan 16 WFC /kipas angin listrik dinding tembok,positif
mantap fungsi sempurna kirim super cepat,MITO DIGITAL AIR FRYER 3L AF-2,positif
mantap kk,Philips Setrika HD-1173-80,positif
nasi matang rata,Magic Com Miyako MCM-508,positif
"exhaust fan nya fungsi baik layan mantap betul,""SEKAI EXHAUST FAN 10"""" WEF-1090"",positif"
mantapsesuai deskripsiair cepat panas tidak berbauseller ramah responsif,COSMOS Electric Kettle 1.2 L CTL-210,positif
makasihhh proses pesan cepat packaging rapi respon jual mantap,Cosmos 12-DAR N,positif
selurah puasrekomended tempat belanja,Cosmos Blender CB 282G,positif
mantap layan kirim kualitas barang bagus customer servicenya mantap fast respon barang kirim kirim dulu foto2nya pas nge,RINNAI Kompor Gas 2 Tungku RI-602 A,positif
barang originalsellerx gercep toppp,PHILIPS Setrika Listrik HD-1172,positif
gampang pakai bahan kuat awet barang original hemat listrik jual ramah banget garansi resmi mutu jamin sni respon jual mantap packaging rapi p,MIYAKO Blender BL-151GF,positif
kualitas bagus model bagus mudah bersih sangat praktis goreng,MITO DIGITAL AIR FRYER 3L AF-2,positif
resolusi gambar tajam kualitas suara bagus banyak fiturnya desain elegan jual ramah banget packaging aman desain ramping respon jual mantap prose,XIAOMI TV A2 43''-UHD (MITV L43M7-EAID ) KHUSUS MAKASSAR,positif
beefungsi baik ditest kirim,MIYAKO Rice Cooker MCM-507,positif
fungsi baik mantap,KIRIN Sandwich Toaster / Pemanggang Roti KST-365,positif
"kurang baut baling2,""SEKAI Kipas Angin Berdiri / High Stand Fan 16"""" HSN-1638 PO"",positif"
jual ramah banget proses pesan cepat,MIYAKO Rice Cooker MCM-507,positif
bagus bgtbarang udah tiba layan bagusada solusi terima kasih alaska,RINNAI Kompor Gas 2 Tungku RI-602 A,positif
paket kirim tes lebih mantap,RINNAI Kompor Gas 2 Tungku RI-522S,positif
jual okee banget maaf telat baru kasih bintang makasih banyak barang original mutu jamin sni proses pesan cepat jual ramah banget,COSMOS Blender CB 802,positif
makasih respon cepat barang bagus,RINNAI Kompor Gas 2 Tungku RI-522S,positif
tibax cpt banget di coba moga bagus,MIYAKO Magic Com 0.6Ltr MCM-606A,positif
alhamdulillahbarang dtgseller fast respon,Cosmos wall fan 16 WFC /kipas angin listrik dinding tembok,positif
mantap barang tiba susuai pesan,RINNAI Kompor Gas 2 Tungku RI-522S,positif
mantap kirim periksa lebih dan foto kondisi barang kirim,MITO MIXER MX 700 NEW - Putih & hitam,positif
puas belanja alaska andalangku,Cosmos Stand Fan 16 inch - 16XDC,positif
"toko bagus barang bagus mantap job,""Cosmos Wall Fan Kipas Angin Dinding 16-WFCR 16"""" + Remote"",positif"
barang sampai aman proses kirim cepat,MITOCHIBA FOOD CHOPPER 1.5 L CH-100,positif
sesuai gambar lengkaptapi coba material produk bagus produk originalbiasanya langsung beli toko ndak sempat akhir beli online sajatrimakasih mantap,MITOCHIBA FOOD CHOPPER 1.5 L CH-100,positif
mntappp sesuai deskripsi,Cosmos wall fan 16 WFC /kipas angin listrik dinding tembok,positif
jual andal barang langsung coba buat steak daging sukses mantap lah,MITO Digital Air Fryer 4 Ltr,positif
mantap sesuai yahg harap ceoat bagus kemas so aman,PHILIPS Setrika GC-122 350Watt,positif
mantappppagi pesanpagi udah nyampeee,KIRIN Sandwich Toaster / Pemanggang Roti KST-365,positif
respon jual cepat kirim cepat barang sesuai deskripsi,Miyako MCM 528 Silver Magic Com Rice Cooker [ 1.8 Liter],positif
"fast respon barang aman sesuai dengan deskripsi,""Cosmos Wall Fan Kipas Angin Dinding 16-WFCR 16"""" + Remote"",positif"
respon cepat mantap,MIYAKO KOMPOR GAS 1 TUNGKU KG-101 C,positif
fungsi sangat baik moga awet,KIRIN Sandwich Toaster / Pemanggang Roti KST-365,positif
barang original jual ramah banget packaging rapi respon jual mantap,SHARP Air Purifier FP-F30Y,positif
barang original fast respon,miyako Rice cooker 3 in 1 model mcm 609,positif
barang sesuai gambar sudah double cek toko toko sangat ramah sangat bantu sekali,MIYAKO Dispenser Portable WD-190 H,positif
respon sellernya cepett banget order pake lama udah diinbox bilang brgnya udah cek udah coba serta foto pas kece kirain brgnya kirim esok h,Cosmos Stand Fan 16 inch - 16XDC,positif
mantap dikirm selamat,MITOCHIBA MAGIC CHOPPER 2 LITER CH-200,positif
produk asli harga saing respon jual cepat,Cosmos Blender CB 282G,positif
darat rumah fungsi baik moga awet layan respon toko sangat baik tingkat terus puas belanja toko,SHARP Air Purifier FP-J30 Y,positif
terima kasih alaska tetap jadi andal kaka,Cosmos Blender CB 522 - Hitam,positif
air friyer keren kapasitas besar watt kecil,MITO Digital Air Fryer 4 Ltr,positif
mantap makasih tim alaska,RINNAI Kompor Gas 1 Tungku RI-301S,positif
alhamdulillah paket terima fungsi baik,MIYAKO Setrika EI-1008M,positif
mantap langgan,XIAOMI MI TV 4 BEZELLESS 43 L43M6-EL,positif
kualitas barang oke harga sahabat sellernya fast respon,XIAOMI MI TV 4 32 Smart Android TV,positif
layan ramah transparan trims jual,Miyako MCM 528 Silver Magic Com Rice Cooker [ 1.8 Liter],positif
"barang sesuai pesan respon cepat fungsi baik,""Cosmos Wall Fan Kipas Angin Dinding 16-WFCR 16"""" + Remote"",positif"
produk terima baik terima kasih banyak jual kirim produk tes jual lalu kirim foto mantap bangetttt layan lalu lsg dik,MITOCHIBA FOOD CHOPPER 1.5 L CH-100,positif
respon jual cepatbarang terima bagus,MIYAKO KOMPOR GAS 1 TUNGKU KG-101 C,positif
sekian kali beli barang sini hadiah layan selalu muas request khusus selalu penuh terima kasih banyak sukses selalu,Magic Com Miyako MCM-508,positif
"layan cepat produk mudah pasang langsung pakai lancar jaya jual mantap,""Cosmos Kipas Angin 3in1/3Fungsi 16SO33 ONY(16"""")"",positif"
puas belanja sini cpt kirim,miyako Rice cooker 3 in 1 model mcm 609,positif
"mantap barang sesuai pesan cuma pasang,""SEKAI Exhaust Fan 8"""" MVF-893"",positif"
layan baik admin sangat ramah recomended jual sering datang toko,PHILIPS HD-3138 Premium Plus Rice Cooker,positif
barng sangat bagus jual sangat respon mantap recomended jual,MIYAKO Blender Plastik 1.5Liter BL-151 PF/AP,positif
bagus perlu bawa cuci laundry,MITOCHIBA MESIN CUCI PORTABLE WM-1,positif
jual komunikatif barang bagus kirim cepat moga awettt,MITOCHIBA MAGIC CHOPPER 2 LITER CH-200,positif
layan sangat oke barang langsung kirim kilat setrika tipe ud sering pake bagus,Philips Setrika HD-1173-80,positif
biasa layan sangat muas responsif produk oke terima fungsi baik,PHILIPS HD-3138 Premium Plus Rice Cooker,positif
layan fast respon sangat bantu,XIAOMI Mi TV 4 43â LED Android Smart TV(KHUSUS MAKASSAR),positif
respon jual cepat kirim cepat dan unit fungsi baik moga awet,COSMOS Hand Mixer CM-1279,positif
fungsi baik tiba cepat terimakasih,TURBO MIXER GRANDE EHM-9595,positif
kirim cepat qc baik terima kasih alaska,XIAOMI MI TV 4 32 Smart Android TV,positif
kualitasx oksemoga awet deh soalx sempat pake ovenx,Mito Oven MO 999 TOP 28L,positif
mantap pesan cpt kirim admin ramah di kirim foto di chat customer terimakasih,KIRIN OVEN LISTRIK KBO-190 LW ( Low Watt ),positif
tiba cepat aman kondisi mantap lgs guna the best,Miyako MCM 528 Silver Magic Com Rice Cooker [ 1.8 Liter],positif
barang nya bagus sesuai harapanmakasih alaska,RINNAI Kompor Gas 2 Tungku RI-522S,positif
kirim nya cepat cukup hari udh kirim sampai makasih,MIYAKO Setrika EI-1008M,positif
keren layan nya keren bintang 5 sangat puas belanja sini kirim packing bagus cepat respon tanya ato apa costumer produk,XIAOMI MI TV 4 32 Smart Android TV,positif
"barang bagussesuai pesanantrims alaska store,""SEKAI EXHAUST FAN DINDING 8"""" WEF-890"",positif"
barang di terima sesuai pesan kirim pakai gojek langsung hari sama barang saya cek mesin fungsi baik alaska salah satu toko e,MITOCHIBA MAGIC CHOPPER 2 LITER CH-200,positif
produk fungsi baik,RINNAI Kompor Gas 1 Tungku RI-301S,positif
bagus kirim cepatpisaunya tajam gampang bersih garansi jamin ringan kokoh cepat bau gampang pakai jual ramah banget proses pe,Cosmos Blender CB 282G,positif
packaging aman proses pesan cepat respon jual mantap garansi jamin,Cosmos Blender CB 282G,positif
mutu jamin sni garansi resmi gampang pakai barang original proses pesan cepat,MIYAKO Setrika EI-1008M,positif
barang original gampang pakai hemat listrik garasi resmi bahan kuat awet jual ramah banget proses pesan cepat packaging aman packag,SHARP Air Purifier FP-J30 Y,positif
hemat listrik gampang pakai fungsi baik garansi resmi proses pesan cepat adminnya ramah bukti ketes barang kirim foto pokok respon pe,KIRIN OVEN LISTRIK KBO-190 LW ( Low Watt ),positif
barang original jual ramah banget proses pesan cepat packaging aman packaging rapi respon jual mantap,KIRIN OVEN LISTRIK KBO-190 LW ( Low Watt ),positif
material produk bagus,RINNAI Kompor Gas 2 Tungku RI-522S,positif
adminx ramahcepat tanggapkualitas oven sudah uji cobamantaaap proses pesan cepat recomendeeed,KIRIN OVEN LISTRIK KBO-190 LW ( Low Watt ),positif
pisau tajam jual ramah banget packaging aman cepat bau respon jual mantap,PHILIPS Blender Glass 2 Liter HR-2222,positif
jual fast response produk sesuai deskripsi mantap jaya moga awet,MIYAKO Dispenser Portable WD-190 H,positif
produk original produk fungsi baik kirim cepat,RINNAI Kompor Gas 2 Tungku RI-302S,positif
gampang rakit proses pesan cepat jual ramah banget packaging aman packaging rapi respon jual mantap,MIYAKO KIPAS ANGIN WALL FAN REMOTE KAW-1689 RC,positif
gampang pakai packaging aman kurg halus hasil,Cosmos Blender CB 522 - Hitam,positif
proses pesan cepat packaging rapi respon jual mantap,Cosmos CB 282P - Blender Plastik 2 Liter Stainless Steel,positif
terima kasih min barang kirim baik adminnya ramah banget dengan fast respon makasih banyak bantu next time beli di sinidesainnya,MITO Digital Air Fryer 4 Ltr,positif
barang original jual ramah banget packaging aman respon jual mantap,PHILIPS Setrika GC-122 350Watt,positif
berat ringan jual ramah banget proses pesan cepat respon jual mantap,MIYAKO Setrika EI-1008M,positif
garansi resmi desain elegan proses pesan cepat respon jual mantap jual ramah banget packaging aman barang original,LG Kulkas 2 Pintu Smart Inverter GN-B215 SQMT ( Khusus Makassar ),positif
kualitas barang bagus emas bagus respon jual bagusnasi matang rata packaging aman packaging rapi jual ramah banget proses,MIYAKO Rice Cooker MCM-507,positif
"proses pesan cepat packaging aman jual ramah banget,""Cosmos Wall Fan Kipas Angin Dinding 16-WFCR 16"""" + Remote"",positif"
admin ramah fast respon mudah2han kompor awet,Miyako KG 502 C Kompor Gas 2 Tungku,positif
kirim tepat waktu hari sama transaksi csnya ramah,PHILIPS Essential Air Fryer XL HD9270/90,positif
gampang rakit proses pesan cepat packaging aman,COSMOS Kipas Angin 12 DARN ONE FAN,positif
"jual ramah banget proses pesan cepat packaging rapi packaging aman,""XIAOMI MI TV 4 55"""" LED Android Smart TV(KHUSUS MAKASSAR)"",positif"
"resolusi gambar tajam kualitas suara bagus banyak fiturnya proses pesan cepat desain elegan packaging aman respon jual mantap jual ramah,""LG LED Smart TV 32"""" 32LM635"",positif"
"gampang rakit hemat listrik garansi jamin desain elegan udara jadi sejuk jual ramah banget proses pesan cepat packaging aman packaging rapi respon penju,""SEKAI Kipas Angin Tornado 10"""" HFN-1060"",positif"
garansi jamin jual ramah banget proses pesan cepat packaging aman respon jual mantap packaging rapi desain elegan gampang rakit hemat listrik,Cosmos Stand Fan 16 inch - 16XDC,positif
antar cepat,MITOCHIBA MAGIC CHOPPER 2 LITER CH-200,positif
barang original garansi resmi jual ramah banget proses pesan cepat packaging aman,MITOCHIBA MESIN CUCI PORTABLE WM-1,positif
kirim sangat cepat 4 jam luar biasamaterial produk bagus produk original produk fungsi baik,RINNAI Kompor Gas 2 Tungku RI-302S,positif
packaging rapi proses pesan cepat,Mito Oven MO 999 TOP 28L,positif
moga fungsi baik kirim cepat jual fast respon,MITO DIGITAL AIR FRYER 3L AF-2,positif
respon admin jual cepat barang sampai cepat,PHILIPS Setrika Listrik HD-1172,positif
barang original packaging aman,MASPION Kompor Listrik KP S-300,positif
barang cepat sekali pesan siang sore langsung antar,MITOCHIBA MAGIC CHOPPER 2 LITER CH-200,positif
mutu jamin sni barang original garansi resmi proses pesan cepat packaging aman packaging rapi,PHILIPS Setrika GC-122 350Watt,positif
resolusi gambar tajam kualitas suara bagus banyak fiturnya desain elegan jual ramah banget packaging aman respon jual mantap packaging rap,XIAOMI MI TV 4 32 Smart Android TV,positif
setrika tiba cepat bungkus rapi respon jual cepat layan muas setrika coba lebih dulu jual garansi jgsetrikanya cepat p,MIYAKO Setrika EI-1008M,positif
barang original garansi resmi,COSMOS Mixer Comp CM-1289,positif
fungsi baik terimakasih alaska,PHILIPS RICE COOKER DIGITAL 1.8 L HD-4515,positif
barang sampai lengkap sukaaa jual ramah banget proses pesan cepat packaging aman packaging rapi respon jual mantap ringan kokoh,Miyako MCM 528 Silver Magic Com Rice Cooker [ 1.8 Liter],positif
respon jual mantap barang original,MIYAKO Setrika EI-1008M,positif
"gampang rakit proses pesan cepat packaging rapi garansi jamin pesan tadi malam proses tadi pagi siang sudah rumah,""Cosmos Kipas Angin 3in1/3Fungsi 16SO33 ONY(16"""")"",positif"
barang original barang kirim lengkap garansi resmi mudah guna hemat listrik,MITO STAND MIXER MX100 5 Liter,positif
sellernya ramah mau bantuin minta barang bagus responnya cepat proses cepat puas banget belanja sini recommended jual,RINNAI Kompor Gas 2 Tungku RI-302S,positif
beli harga 775rb barang sesuai deskripsi packaging rapi proses pesan cepat respon jual mantap packaging aman,PHILIPS RICE COOKER DIGITAL 1.8 L HD-4515,positif
udara jadi sejuk packaging aman proses pesan cepat packaging rapi respon jual mantap gampang rakit jual ramah banget,Cosmos Stand Fan 16 inch - 16XDC,positif
packaging rapi respon jual mantap nasi matang rata garansi jamin,PHILIPS RICE COOKER DIGITAL 1.8 L HD-4515,positif
hasil licin gampang pakai barang original mutu jamin sni garansi resmi hemat listrik berat ringan jual ramah banget hemat listrik,Philips Setrika HD-1173-80,positif
resolusi gambar tajam,XIAOMI MI TV 4 BEZELLESS 43 L43M6-EL,positif
fiturnya canggih banyak fiturnya barang original garansi resmi muat banyak hemat listrik desain elegan,MITOCHIBA MESIN CUCI PORTABLE WM-1,positif
pisau tajam garansi jamin proses pesan cepat jual ramah banget packaging aman respon jual mantap,Cosmos Blender CB 282G,positif
proses pesan cepat packaging aman packaging rapi respon jual mantap,MIYAKO Blender Plastik 1.5Liter BL-151 PF/AP,positif
barang original hemat listrik gampang pakai garasi resmi desain elegen,SHARP Air Purifier FP-F30Y,positif
barang cepat sudah coba rumah bagus pihak toko nya coba dulu kirim jadi pasti bukan barang rusak makasihhhhhhpisaunya,Cosmos Blender CB 282G,positif
jual ramah banget resolusi gambar tajam kualitas suara bagus proses pesan cepat packaging rapi banyak fiturnya respon jual mantap,XIAOMI MI TV 4 32 Smart Android TV,positif
barang deh gerima cuma deh tes saya deh luar kota desain elegan proses pesan cepat packaging rapi respon jual mantap ramah banget terima kasih,MITOCHIBA MESIN CUCI PORTABLE WM-1,positif
nasi matang rata nasi tahan lama gampang bersih mutu jamin sni garansi jamin ringan kokoh jual ramah banget packaging aman pro,Philips Magic Com HD 3115,positif
resolusi gambar tajam proses pesan cepat respon jual mantap,XIAOMI MI TV 4 32 Smart Android TV,positif
"gampang rakit hemat listrik garansi jamin desain elegan udara jadi sejuk jual ramah banget proses pesan cepat packaging aman packaging rapi res,""SEKAI EXHAUST FAN DINDING 8"""" WEF-890"",positif"
gampang rakit udara jadi sejuk proses pesan cepat desain elegan hemat listrik packaging aman jual ramah banget garansi jamin packaging rapi res,Cosmos Stand Fan 16 inch - 16XDC,positif
mantap sellernya responsif produk kirim cepat tidak yang rusa,Cosmos Blender CB 282G,positif
"bagusss dipacking rapi pake kayu,""SEKAI EXHAUST FAN DINDING 8"""" WEF-890"",positif"
"gampang rakit udara jadi sejuk proses pesan cepat hemat listrik desain elegan garansi jamin packaging rapi jual ramah banget,""SEKAI Kipas Angin Tornado 12"""" 2in1 HFN-1210"",positif"
"gampang rakit desain elegan proses pesan cepat jual ramah banget,""SEKAI Kipas Angin Tornado 10"""" HFN-1060"",positif"
"layan toko sangat responsif muas jnenya lama banget 10 hari br nyampepenjualnya ramah banget packaging aman proses pesan cepat respon jual to,""SEKAI Kipas Angin Tornado 10"""" HFN-1060"",positif"
admin nya ramah fast respon packing aman dilapisin kerdus dan plastik kirim cepat pesan langsung antar lewat gosend gosend nya tidak rep,MIYAKO Magic Com 0.6Ltr MCM-606A,positif
"resolusi gambar tajam banyak fiturnya kualitas suara bagus desain elegan jual ramah banget packaging aman packaging rapi respon jual to,""Xiaomi Mi TV 4 32"""" Bezel-Less Smart TV - Android TV"",positif"
packaging aman packaging rapi jual ramah banget proses pesan cepat mutu jamin sni garansi jamin,PHILIPS Rice Cooker 400 W HD-3119,positif
material produk bagus produk fungsi baik produk original,Kompor Rinnai RI522C,positif
barang original proses pesan cepat,Maspion Kompor Listrik Portable S301,positif
material produk bagus ukur produk sesuai kualitas produk bagus produk fungsi baik,MIYAKO Dispenser Portable WD-190 H,positif
pisau tajam gampang bersih garansi jamin ringan kokoh cepat bau jual ramah banget gampang pakai proses pesan cepat packaging,Cosmos Blender CB 282G,positif
jual responsif harga kompetitif barang sesuai terima kondisi baik,PHILIPS RICE COOKER DIGITAL 1.8 L HD-4515,positif
gampang dirakitpenjualnya ramah banget proses pesan cepat garansi jamin packaging aman,Cosmos Stand Fan 16 inch - 16XDC,positif
barang original garansi resmi gampang pakai packaging aman hemat listrik respon jual mantap jual ramah banget packaging rapi proses pesan cepa,PHILIPS Setrika GC-122 350Watt,positif
barang original desain lucu hemat listrik mutu jamin sni gampang pakai,SHARP Air Purifier FP-F30Y,positif
barang terima cuma coba,MIYAKO Magic Com 0.6Ltr MCM-606A,positif
garansi jamin jual ramah banget respon jual mantap packaging rapi,Cosmos Stand Fan 16 inch - 16XDC,positif
barang original garasi resmi proses pesan cepat packaging rapi respon jual mantap,SHARP Air Purifier FP-F30Y,positif
sangat puas belanja toko packing rapirespon cepat barang tiba cepat makasih garansi jamin jual ramah banget proses pesan cepat pac,PHILIPS RICE COOKER DIGITAL 1.8 L HD-4515,positif
proses pesan cepat jual ramah banget packaging aman respon jual mantap garansi jamin mutu jamin sni packaging rapi gampang bersih ringan,Rice Cooker MIYAKO MCM-612,positif
barang original barang kirim lengkap garansi resmi mudah guna hemat listrik,MITO MIXER MX 700 NEW - Putih & hitam,positif
barang original gampang pakai garasi resmi,MASPION Kompor Listrik KP S-300,positif
barang bagus recommended jual,SHARP AQUOS LED TV 24 Inch 2T-C24DD1i,positif
desain elegan jual ramah banget proses pesan cepat packaging aman packaging rapi garansi resmi,Mito MO-888 Electric Oven 33 Liter Fantasy,positif
proses pesan cepat respon jual mantap jual ramah banget nasi matang rata,PHILIPS RICE COOKER DIGITAL 1.8 L HD-4515,positif
barang original proses pesan cepat packaging aman,MITO Digital Air Fryer 4 Ltr,positif
jual ramah banget hemat listrik gampang pakai,MITOCHIBA MESIN CUCI PORTABLE WM-1,positif
barang original garansi resmi desain elegan hemat listrik jual ramah banget proses pesan cepat packaging aman packaging rapi respon pe,Mito Oven MO 999 TOP 28L,positif
packaging aman proses pesan cepat,MITO Digital Air Fryer 4 Ltr,positif
kirim cepat nasi matang rata gampang bersih proses pesan cepat respon jual mantap,Miyako MCM 528 Silver Magic Com Rice Cooker [ 1.8 Liter],positif
panas rata barang original mutu jamin sni garansi resmi gampang pakai desain elegan hemat listrik jual ramah banget proses pesan c,MITO Digital Air Fryer 4 Ltr,positif
produk original murah pengirimanx cepa,Tabung Gas Kaleng 6 Hi-Cook,positif
material produk bagus produk original produk fungsi baik,MITOCHIBA MAGIC CHOPPER 2 LITER CH-200,positif
barang original proses kirim cepat,MIYAKO Setrika EI-1008M,positif
barang original gampang pakai desain bagus simpel,MASPION Kompor Listrik KP S-300,positif
pisau tajam ringan kokoh gampang bersih gampang pakai proses pesan cepat jual ramah banget garansi jamin packaging aman respon pen,MIYAKO Blender Plastik 1.5Liter BL-151 PF/AP,positif
barang kondisi mulus sesuai harap antar cek dulu barang alaska mmg baik resolusi gambar tajam ringan kokoh desain ramping desain,Xiaomi Mi TV 4 55 Bezel-less Bezelless 55 Inch FHD Android Smart TV,positif
respon cepat barang langsung kirim mantap memang belanja alaska,COSMOS Hand Mixer CM-1279,positif
respon jual mantap jual ramah banget,Miyako MCM 528 Silver Magic Com Rice Cooker [ 1.8 Liter],positif
support digital lumayan lah paling murah kelas,XIAOMI MI TV 4 32 Smart Android TV,positif
mantap makassar bisa murah murah ongkir puas blom pakai sih,MITOCHIBA MESIN CUCI PORTABLE WM-1,positif
nasi matang rata nasi tahan lama gampang bersih mutu jamin sni garansi jamin ringan kokoh,PHILIPS HD-3138 Premium Plus Rice Cooker,positif
harga lebih murah online ambil langsung toko sblm di bawa pulang mrk cek dulu semua lengkap pasti fungsi baik proses beli sangat,MITOCHIBA MESIN CUCI PORTABLE WM-1,positif
panas rata mutu jamin sni barang original hemat listrik garansi resmi gampang pakai desain elegan,MITO Digital Air Fryer 4 Ltr,positif
respond jual cepat barang fungsi baik original,PHILIPS Setrika GC-122 350Watt,positif
hasil licin barang original mutu jamin sni garansi resmi berat ringan gampang pakai,Philips Setrika HD-1173-80,positif
layan baik barang tes lalu foto kirim cepat mantap betul,RINNAI KOMPOR GAS 1 TUNGKU RI 511C,positif
fiturnya canggih garansi resmi desain elegan hemat listrik gampang pakai barang original,MITOCHIBA MESIN CUCI PORTABLE WM-1,positif
barang gampang rakit fungsi baikanginnya lumayan kencangsmoga awetthanksgampang rakit desain elegan udara jadi sejuk garansi jamin,Cosmos Stand Fan 16 inch - 16XDC,positif
"layan bagus resolusi gambar tajam,""XIAOMI MI TV 4 55"""" LED Android Smart TV(KHUSUS MAKASSAR)"",positif"
pisau tajam garansi jamin garansi jamin cepat bau ringan kokoh gampang pakai gampang bersih,MIYAKO Blender Plastik 1.5Liter BL-151 PF/AP,positif
"gampang rakit hemat listrik udara jadi sejuk,""SEKAI Kipas Angin Tornado 10"""" HFN-1060"",positif"
